{"cameraMode":{"drawMode":0,"name":"Shaded","section":"Shading Mode"},"sceneLighting":false,"audioPlay":false,"sceneViewState":{"m_AlwaysRefresh":false,"showFog":true,"showSkybox":true,"showFlares":true,"showImageEffects":true,"showParticleSystems":true,"showVisualEffectGraphs":true,"m_FxEnabled":true},"in2DMode":false,"pivot":{"x":113.81214141845703,"y":-26.511417388916017,"z":154.3395233154297},"rotation":{"x":0.34619641304016116,"y":0.2529059946537018,"z":-0.09729454666376114,"w":0.8982844948768616},"size":102.43702697753906,"orthographic":false}