{"cameraMode":{"drawMode":0,"name":"Shaded","section":"Shading Mode"},"sceneLighting":true,"audioPlay":false,"sceneViewState":{"m_AlwaysRefresh":false,"showFog":true,"showSkybox":true,"showFlares":true,"showImageEffects":true,"showParticleSystems":true,"showVisualEffectGraphs":true,"m_FxEnabled":true},"in2DMode":false,"pivot":{"x":474.1379699707031,"y":-51.918052673339847,"z":100.28614044189453},"rotation":{"x":0.3300193250179291,"y":-0.007391143124550581,"z":0.0026440396904945375,"w":0.9440198540687561},"size":50.784603118896487,"orthographic":false}