{"cameraMode":{"drawMode":0,"name":"Shaded","section":"Shading Mode"},"sceneLighting":true,"audioPlay":false,"sceneViewState":{"m_AlwaysRefresh":false,"showFog":true,"showSkybox":true,"showFlares":true,"showImageEffects":true,"showParticleSystems":true,"showVisualEffectGraphs":true,"m_FxEnabled":true},"in2DMode":false,"pivot":{"x":475.52264404296877,"y":-3.0278477668762209,"z":57.512229919433597},"rotation":{"x":0.26122257113456728,"y":0.014471951872110367,"z":-0.003914062865078449,"w":0.9652029275894165},"size":14.509088516235352,"orthographic":false}