{"cameraMode":{"drawMode":0,"name":"Shaded","section":"Shading Mode"},"sceneLighting":true,"audioPlay":false,"sceneViewState":{"m_AlwaysRefresh":false,"showFog":true,"showSkybox":true,"showFlares":true,"showImageEffects":true,"showParticleSystems":true,"showVisualEffectGraphs":true,"m_FxEnabled":true},"in2DMode":false,"pivot":{"x":459.54998779296877,"y":0.5595169067382813,"z":32.909996032714847},"rotation":{"x":0.37038305401802065,"y":0.16423332691192628,"z":-0.06664936244487763,"w":0.9118824601173401},"size":2.8929598331451418,"orthographic":false}