{"cameraMode":{"drawMode":0,"name":"Shaded","section":"Shading Mode"},"sceneLighting":true,"audioPlay":false,"sceneViewState":{"m_AlwaysRefresh":false,"showFog":true,"showSkybox":true,"showFlares":true,"showImageEffects":true,"showParticleSystems":true,"showVisualEffectGraphs":true,"m_FxEnabled":true},"in2DMode":false,"pivot":{"x":469.8600158691406,"y":1.9606354236602784,"z":45.10545349121094},"rotation":{"x":0.20855320990085603,"y":-0.41595661640167239,"z":0.09870187193155289,"w":0.8797175884246826},"size":17.971506118774415,"orthographic":false}